Concept,Description,,,,,
Scalability,The ability of a business or system to handle increased demands or growth without compromising performance.,,,,,
Brand Equity,The commercial value derived from consumer perception of a brand name rather than the product or service itself.,,,,,
Agile Methodology,An iterative approach to project management and software development that helps teams deliver value to customers faster.,,,,,
Value Proposition,A statement that summarizes why a customer should choose a particular product or service.,,,,,
Outsourcing,The practice of hiring external parties to perform services or create goods that were traditionally performed in-house.,,,,,
Intellectual Property,Creations of the mind such as inventions, literary and artistic works, designs, and symbols used in commerce.,,
Just-in-Time Inventory,An inventory strategy that aligns raw material orders from suppliers directly with production schedules.,,,,,
Benchmarking,The practice of comparing business processes and performance metrics to industry bests or best practices from other industries.,,,,,
Diversification,A risk management strategy that mixes a wide variety of investments within a portfolio.,,,,,
Franchising,A method of distributing products or services involving a franchisor and a franchisee.,,,,,
Elasticity of Demand,A measure of how much the quantity demanded of a good changes when its price changes.,,,,,
Exit Strategy,A plan for the eventual sale, merger, or liquidation of a business.,,,
Depreciation,The decrease in value of an asset over time due to use, wear and tear, or obsolescence.,,,
Vertical Integration,A strategy where a company expands its business operations into different steps on the same production path.,,,,,
Horizontal Integration,A strategy where a company acquires or merges with other companies that operate at the same level of the value chain.,,,,,
Sustainable Development,Economic development that meets the needs of the present without compromising future generations' ability to meet their own needs.,,,,,
Blue Ocean Strategy,The simultaneous pursuit of differentiation and low cost to open up a new market space and create new demand.,,,,,
Disruptive Innovation,An innovation that creates a new market and value network, eventually disrupting existing markets and value networks.,,,,
Product Lifecycle,The cycle through which every product goes from introduction to obsolescence.,,,,,
Lean Six Sigma,A method that relies on a collaborative team effort to improve performance by systematically removing waste and reducing variation.,,,,,
Gamification,The application of game-design elements and game principles in non-game contexts to improve user engagement.,,,,,
Blockchain,A distributed ledger technology that allows for secure, transparent, and tamper-proof record-keeping.,,,
Artificial Intelligence in Business,The use of computer systems to perform tasks that normally require human intelligence.,,,,,
Internet of Things (IoT),The interconnection of computing devices embedded in everyday objects, enabling them to send and receive data.,,,,
Circular Economy,An economic system aimed at eliminating waste and the continual use of resources.,,,,,
Gig Economy,A labor market characterized by short-term contracts or freelance work as opposed to permanent jobs.,,,,,
Data Mining,The process of discovering patterns in large data sets involving methods at the intersection of machine learning, statistics, and database systems.,,,
Customer Lifetime Value,A prediction of the net profit attributed to the entire future relationship with a customer.,,,,,
Influencer Marketing,A form of social media marketing involving endorsements and product placement from influencers.,,,,,
Design Thinking,A non-linear, iterative process that teams use to understand users, challenge assumptions, redefine problems and create innovative solutions.,,
Market Penetration,A measure of how much a product is being sold relative to the total estimated market for that product.,,,,,
Intellectual Property,Creations of the mind such as inventions, literary and artistic works, designs, and symbols used in commerce.,,
Brand Equity,The commercial value that derives from consumer perception of the brand name of a particular product or service.,,,,,
Opportunity Cost,The loss of potential gain from other alternatives when one alternative is chosen.,,,,,
Agile Methodology,An approach to project management that emphasizes flexibility, customer collaboration, and rapid delivery of working products.,,,
Blockchain,A decentralized, distributed ledger technology that records the provenance of a digital asset.,,,,
Artificial Intelligence in Business,The use of intelligent computer systems to perform tasks that typically require human intelligence.,,,,,
Sustainable Business Practices,Business strategies and activities that meet the needs of the enterprise and its stakeholders while protecting and enhancing the human and natural resources needed in the future.,,,,,
Emotional Intelligence,The ability to recognize, understand and manage our own emotions and the emotions of others.,,,,
Digital Transformation,The integration of digital technology into all areas of a business, fundamentally changing how you operate and deliver value to customers.,,,,
Scalability,The ability of a business or system to cope with increased market demand or growth.,,,,,
Disruptive Innovation,An innovation that creates a new market and value network and eventually disrupts an existing market and value network.,,,,,
Circular Economy,An economic system aimed at eliminating waste and the continual use of resources.,,,,,
Gig Economy,A labor market characterized by short-term contracts, freelance work, and temporary positions.,,,
Data-Driven Decision Making,The practice of basing decisions on data analysis and interpretation rather than intuition or observation alone.,,,,,
Remote Work,A working style that allows professionals to work outside of a traditional office environment.,,,,,
Customer Lifetime Value,A prediction of the net profit attributed to the entire future relationship with a customer.,,,,,
Lean Startup,A methodology for developing businesses and products that aims to shorten product development cycles and rapidly discover if a proposed business model is viable.,,,,,
Growth Hacking,A process of rapid experimentation across marketing channels and product development to identify the most effective ways to grow a business.,,,,,
Influencer Marketing,A form of social media marketing involving endorsements and product placement from influencers.,,,,,
Crowdfunding,The practice of funding a project or venture by raising small amounts of money from a large number of people.,,,,,
Omnichannel Marketing,A multichannel approach to sales that seeks to provide customers with a seamless shopping experience.,,,,,
Internet of Things (IoT),The interconnection via the internet of computing devices embedded in everyday objects, enabling them to send and receive data.,,,,
Big Data Analytics,The process of examining large and varied data sets to uncover hidden patterns, unknown correlations, market trends, customer preferences and other useful business information.,,
Freemium Model,A pricing strategy by which a product or service is provided free of charge, but money is charged for additional features.,,,,
User Experience (UX),The overall experience of a person using a product such as a website or computer application, especially in terms of how easy or pleasing it is to use.,,,,
Cloud Computing,The delivery of different services through the Internet, including data storage, servers, databases, networking, and software.
Content Marketing,A strategic marketing approach focused on creating and distributing valuable, relevant, and consistent content to attract and retain a clearly defined audience.,,,
Design Thinking,A methodology for creative problem-solving that focuses on understanding users, challenging assumptions, and redefining problems.,,,
Agile Methodology,An iterative approach to software development that emphasizes flexibility, customer collaboration, and rapid delivery of functional software.,,,
